insert into tblUser (id, password, user_level) values ('goguma', 'java1234', 1);
insert into tblUser (id, password, user_level) values ('lcw7407', 'java2222', 1);
insert into tblUser (id, password, user_level) values ('u_0112', 'java3333', 1);
insert into tblUser (id, password, user_level) values ('hyein8290', 'java4444', 1);
insert into tblUser (id, password, user_level) values ('hi8259', 'java5555', 1);
insert into tblUser (id, password, user_level) values ('wngktjd1223', 'java6666', 1);
insert into tblUser (id, password, user_level) values ('joonyoung1', 'java7777', 1);
insert into tblUser (id, password, user_level) values ('gusdn33', 'java8888', 1);
insert into tblUser (id, password, user_level) values ('gumaguma01', 'java9999', 1);
insert into tblUser (id, password, user_level) values ('wnsdud12', 'java1234', 1);
insert into tblUser (id, password, user_level) values ('dbal12', 'java1234', 1);
insert into tblUser (id, password, user_level) values ('gktjd0112', 'java1234', 1);
insert into tblUser (id, password, user_level) values ('hobak234', 'java1234', 1);
insert into tblUser (id, password, user_level) values ('ume123', 'java1234', 1);
insert into tblUser (id, password, user_level) values ('rkawkk', 'java1234', 1);
insert into tblUser (id, password, user_level) values ('oksusu12', 'java1234', 1);
insert into tblUser (id, password, user_level) values ('joon556', 'java1234', 1);
insert into tblUser (id, password, user_level) values ('hyunwoo97', 'java1234', 1);
insert into tblUser (id, password, user_level) values ('hasung95', 'java1234', 1);
insert into tblUser (id, password, user_level) values ('kamja98', 'java1234', 1);

insert into tblUserInfo (id, address_seq, name, address, tel, email, birth, gender, since) values ('goguma', 1, '송준영', '주공 포레나아파트 109동 1307호', '01094011256', 'goguma@naver.com', '97-08-25', 'f', '22-01-16');
insert into tblUserInfo (id, address_seq, name, address, tel, email, birth, gender, since) values ('lcw7407', 1, '김수찬', '호수마을 E편한세상아파트 407동 44호', '01094011251', 'lcw7407@naver.com', '97-08-25', 'f', '22-01-16');
insert into tblUserInfo (id, address_seq, name, address, tel, email, birth, gender, since) values ('u_0112', 1, '이찬우', '포레나아파트 109동 1307호', '01094011252', 'u_0112@naver.com', '97-08-25', 'f', '22-01-15');
insert into tblUserInfo (id, address_seq, name, address, tel, email, birth, gender, since) values ('hyein8290', 1, '황현우', '주공 포레나아파트 109동 1307호', '01094011253', 'hyein8290@naver.com', '97-08-25', 'f', '22-01-14');
insert into tblUserInfo (id, address_seq, name, address, tel, email, birth, gender, since) values ('hi8259', 1, '주하성', '주공 포레나아파트 109동 1307호', '01094011254', 'hi8259@naver.com', '97-08-25', 'f', '22-01-14');
insert into tblUserInfo (id, address_seq, name, address, tel, email, birth, gender, since) values ('wngktjd1223', 1, '김정연', '주공 포레나아파트 110동 1307호', '01094011255', 'wngktjd1223@naver.com', '97-08-25', 'f', '22-01-13');
insert into tblUserInfo (id, address_seq, name, address, tel, email, birth, gender, since) values ('joonyoung1', 1, '최예원', '한빛마을 래미안아파트 629동 37호', '01094011212', 'joonyoung1@naver.com', '97-08-25', 'f', '22-01-13');
insert into tblUserInfo (id, address_seq, name, address, tel, email, birth, gender, since) values ('gusdn33', 1, '김아린', '주공 포레나아파트 109동 1308호', '01094011254', 'gusdn33@naver.com', '97-08-25', 'f', '22-01-25');
insert into tblUserInfo (id, address_seq, name, address, tel, email, birth, gender, since) values ('gumaguma01', 1, '이혜인', '바람마을 더샵아파트 608동 1115호', '01094011561', 'gumaguma01@naver.com', '97-08-25', 'f', '22-01-24');
insert into tblUserInfo (id, address_seq, name, address, tel, email, birth, gender, since) values ('wnsdud12', 1, '이유미', '주공 포레나아파트 109동 1307호', '01099891234', 'wnsdud12@naver.com', '97-08-25', 'f', '22-01-23');
insert into tblUserInfo (id, address_seq, name, address, tel, email, birth, gender, since) values ('dbal12', 1, '양수민', '한빛마을 힐스테이트아파트 548동 212호', '01094016654', 'dbal12@naver.com', '97-08-25', 'f', '22-01-01');
insert into tblUserInfo (id, address_seq, name, address, tel, email, birth, gender, since) values ('gktjd0112', 1, '한지혜', '주공 포레나아파트 109동 1307호', '01091230654', 'gktjd0112@naver.com', '97-08-25', 'f', '22-01-10');
insert into tblUserInfo (id, address_seq, name, address, tel, email, birth, gender, since) values ('hobak234', 1, '문은지', '주공 포레나아파트 109동 1307호', '01056011256', 'hobak234@naver.com', '97-08-25', 'f', '22-01-09');
insert into tblUserInfo (id, address_seq, name, address, tel, email, birth, gender, since) values ('ume123', 1, '김은애', '행복마을 현대아파트 360동 44호', '01056011251', 'ume123@naver.com', '97-08-25', 'f', '22-01-08');
insert into tblUserInfo (id, address_seq, name, address, tel, email, birth, gender, since) values ('rkawkk', 1, '주하은', '주공 포레나아파트 109동 1307호', '01022077256', 'rkawkk@naver.com', '97-08-25', 'f', '22-01-07');
insert into tblUserInfo (id, address_seq, name, address, tel, email, birth, gender, since) values ('oksusu12', 1, '이찬성', '주공 포레나아파트 109동 1307호', '01056013256', 'oksusu12@naver.com', '97-08-25', 'f', '22-01-11');
insert into tblUserInfo (id, address_seq, name, address, tel, email, birth, gender, since) values ('joon556', 1, '송진영', '신더샵아파트 850동 416호', '01098011256', 'joon556@naver.com', '97-08-25', 'f', '21-12-31');
insert into tblUserInfo (id, address_seq, name, address, tel, email, birth, gender, since) values ('hyunwoo97', 1, '이유진', '주공 포레나아파트 109동 1307호', '01012371256', 'hyunwoo97@naver.com', '97-08-25', 'f', '22-01-01');
insert into tblUserInfo (id, address_seq, name, address, tel, email, birth, gender, since) values ('hasung95', 1, '김현우', '바람마을 래미안아파트 195동 121호', '01099011256', 'hasung95@naver.com', '97-08-25', 'f', '22-01-04');
insert into tblUserInfo (id, address_seq, name, address, tel, email, birth, gender, since) values ('kamja98', 1, '장혜진', '주공 포레나아파트 109동 1307호', '01094099257', 'kamja98@naver.com', '97-08-25', 'f', '22-01-09');


insert into tblUserProfile(id,nickname,intro,path) values ('goguma','고구마','좋은 거래해요','default image.jpg');
insert into tblUserProfile(id,nickname,intro,path) values ('lcw7407','감자','안녕하세요 감자입니다','default image.jpg');
insert into tblUserProfile(id,nickname,intro,path) values ('u_0112','옥수수','옥수수를 제일 좋아해요','default image.jpg');
insert into tblUserProfile(id,nickname,intro,path) values ('hyein8290','호박','안녕하세요 저는 호박을 좋아해요','default image.jpg');
insert into tblUserProfile(id,nickname,intro,path) values ('hi8259','고구마왕','고구마왕이 되고 싶어요','default image.jpg');
insert into tblUserProfile(id,nickname,intro,path) values ('wngktjd1223','감자돌이','고구마가 되고 싶은 감자돌이','default image.jpg');
insert into tblUserProfile(id,nickname,intro,path) values ('joonyoung1','김감자','행복한 거래 원해요','default image.jpg');
insert into tblUserProfile(id,nickname,intro,path) values ('gusdn33','김고구마','좋은 거래해요~','default image.jpg');
insert into tblUserProfile(id,nickname,intro,path) values ('gumaguma01','연어초밥','좋은 거래해요~','default image.jpg');
insert into tblUserProfile(id,nickname,intro,path) values ('wnsdud12','간장게장','좋은 거래해요~','default image.jpg');
insert into tblUserProfile(id,nickname,intro,path) values ('dbal12','오마이걸','좋은 거래해요~','default image.jpg');
insert into tblUserProfile(id,nickname,intro,path) values ('gktjd0112','던던댄스','좋은 거래해요~','default image.jpg');
insert into tblUserProfile(id,nickname,intro,path) values ('hobak234','감자칩','좋은 거래해요~','default image.jpg');
insert into tblUserProfile(id,nickname,intro,path) values ('ume123','김치찌개','좋은 거래해요~','default image.jpg');
insert into tblUserProfile(id,nickname,intro,path) values ('rkawkk','된장찌개','좋은 거래해요~','default image.jpg');
insert into tblUserProfile(id,nickname,intro,path) values ('oksusu12','호박고구마','좋은 거래해요~','default image.jpg');
insert into tblUserProfile(id,nickname,intro,path) values ('joon556','물고구마','좋은 거래해요~','default image.jpg');
insert into tblUserProfile(id,nickname,intro,path) values ('hyunwoo97','숭난이','좋은 거래해요~','default image.jpg');
insert into tblUserProfile(id,nickname,intro,path) values ('hasung95','나문희','좋은 거래해요~','default image.jpg');
insert into tblUserProfile(id,nickname,intro,path) values ('kamja98','이순재','좋은 거래해요~','default image.jpg');